profile_id;username;nickname;birthday;bio;created_by;created_on;modified_by;modified_on
1;Plastic matrix;GB deposit;2023-05-02;calculating Executive;bluetooth;2023-05-03T01:01:20;User-friendly;2023-05-02T05:24:56
2;Austria Alaska;Gloves Senior Washington;2023-05-03;and deposit;mobile;2023-05-02T14:28:59;paradigms User-friendly;2023-05-03T01:24:42
3;AI global;Books Reactive;2023-05-03;withdrawal parse;Home;2023-05-02T07:39:28;Belize Territory Kuwaiti;2023-05-02T12:51:53
4;Berkshire Representative Pizza;applications Pennsylvania;2023-05-02;Tuna Coves;evolve;2023-05-02T13:07:07;West;2023-05-02T19:15:58
5;foreground RAM;PCI;2023-05-02;payment matrix virtual;fuchsia;2023-05-02T09:17:09;Fish Ranch;2023-05-03T03:35:45
6;Lek Track Concrete;Investor;2023-05-02;payment;Officer transmitting;2023-05-02T20:57:24;Practical;2023-05-02T09:52:21
7;Agent;vertical Direct Wall;2023-05-02;encompassing;users target infomediaries;2023-05-02T08:16:15;COM;2023-05-02T06:06:00
8;Liaison;invoice;2023-05-02;Concrete morph;ability;2023-05-02T07:47:07;Director deposit;2023-05-02T20:05:29
9;Berkshire;exploit;2023-05-02;Credit Multi-channelled;toolset;2023-05-02T14:53:52;Frozen throughput Burundi;2023-05-02T23:23:17
10;back Wooden;Kentucky Sports;2023-05-02;Corporate primary;Burundi;2023-05-02T10:25:45;Intranet frictionless web-readiness;2023-05-02T07:34:39
