type_id;name;owner;created_by;created_on;modified_by;modified_on
1;Hat Versatile Synchronised;49793;Buckinghamshire Borders Innovative;2023-05-02T04:59:28;enable Licensed;2023-05-03T01:55:57
2;Accountability Strategist;13585;Kroon Plastic Optimization;2023-05-02T16:53:19;Vista Agent;2023-05-02T10:06:26
3;Gorgeous Architect;90639;sticky;2023-05-02T08:22:36;salmon Ergonomic Reverse-engineered;2023-05-02T12:25:31
4;withdrawal AGP synthesize;46205;architecture strategic;2023-05-02T22:37:16;seize pricing;2023-05-02T15:26:41
5;quantifying program embrace;18885;Officer transmitting engineer;2023-05-02T09:46:34;Practical Dalasi;2023-05-02T16:40:24
6;Points up Shoal;7310;invoice Estate leverage;2023-05-02T06:09:12;circuit pink orange;2023-05-02T20:20:25
7;Fords Regional;48900;EXE Berkshire Rupee;2023-05-02T16:13:36;Future;2023-05-02T09:59:02
8;Developer;45264;Directives;2023-05-02T04:56:23;Parkways Ecuador;2023-05-02T11:38:36
9;hierarchy;5987;seamless Cayman;2023-05-02T15:24:18;Small protocol;2023-05-02T22:06:46
10;Tuna Ergonomic;25605;markets compelling;2023-05-02T14:41:14;Rubber Avon composite;2023-05-02T10:57:59
